id,accelerationx,accelerationy,accelerationz,angularvelocityx,angularvelocityy,angularvelocityz,pitch,roll,yaw,mdlcircle_id,hallsensor,timestamp
142540,4757,-6024,7669,609,3649,3735,38.04999924,49.43999863,33.58000183,11433,-1,224051
142541,4778,-4862,-292,-91,3777,3370,54.81999969,49.54999924,53.68000031,11433,-1,224092
142542,2962,-4813,3817,-2155,3255,4000,63.40999985,46.00999832,71.16000366,11433,-1,224133
142543,5165,-4521,5658,-1670,3855,4741,69.05999756,39.25999832,87.58000183,11433,-2,224174
142544,5827,-5966,836,-403,2008,7825,73.5,25.95000076,99.31999969,11433,-2,224215
142545,11577,-3795,4178,-5024,4326,5509,70.34999847,12.88000011,113.9000015,11433,-2,224256
142546,2668,-1972,1034,-3480,575,3738,61.54000092,5.539999962,122.3399963,11433,1,224297
142547,12442,-3844,4851,-6898,533,9037,49.04999924,-7.840000153,132.0599976,11433,1,224338
142548,10332,2672,3370,-3385,-2039,3187,33.84000015,-17.70999908,142.1600037,11433,1,224379
142549,14705,-10768,4650,-8910,931,6972,14.82999992,-25.04000092,154.2200012,11433,1,224420
142550,16701,-10699,11919,-5696,-3578,3781,-11.47000027,-26.96999931,168.2200012,11433,2,224461
142551,13480,-11147,4315,-10553,314,3003,-36.88000107,-27.89999962,179.8300018,11433,2,224502
142552,16368,-3017,14503,-11342,3822,-1006,-66.23999786,-21.93000031,176.1499939,11433,2,224543
142553,13510,-8516,11728,-10837,7434,-10037,-83.44999695,-34.27000046,160.3099976,11433,2,224584
142554,-3031,-14242,18604,-6652,10246,-14603,-70.34999847,-63.22999954,114.9100037,11433,2,224625
142555,-4467,-13460,13335,2379,8957,-9746,-2.859999895,-59.29999924,36.59999847,11433,2,224666
142556,26381,-16435,-21136,-1473,14285,-5450,12.22999954,-27.42000008,20.15999985,11433,2,224707
142557,1796,-19048,13815,6517,6849,2648,17.07999992,2.430000067,20.96999931,11433,1,224748
142558,12494,-17032,-2832,4924,7852,1268,35.65000153,14.43000031,34.93000031,11433,1,224789
142559,1423,-16526,8432,-705,8620,2676,42.81999969,28.10000038,50.97000122,11433,1,224830
142560,10495,-15813,11687,-727,6255,9399,51.54999924,28.02000046,77.86000061,11433,1,224871
142561,9763,-10996,-11348,1056,3828,7070,62.34000015,17.10000038,101.5500031,11433,1,224912
142562,8492,-10679,-8260,-3499,2525,7342,61.27000046,3.480000019,114.6699982,11433,1,224953
142563,10002,-18314,4755,-8277,3373,9112,44.02999878,-4.739999771,132.25,11433,1,224994
142564,18401,-20682,16458,-9496,1954,10100,15.05000019,-14.63000011,157.8399963,11433,-1,225035
142565,29981,-12931,6987,-8501,1501,3525,-11.56999969,-16.94000053,179.2700043,11433,-1,225076
142566,50,-17269,9874,-11174,3687,-2505,-37.13000107,-9.710000038,168.3399963,11433,-1,225117
142567,28251,-10600,11526,-10307,630,836,-61.27999878,-7.5,171.6600037,11433,-1,225158
142568,16115,-13874,15386,-10479,6313,-9475,-83.23000336,-20.23999977,156.1000061,11433,-1,225199
142569,3537,-15003,16885,-3945,10640,-14314,-81.81999969,-49.63999939,125.8499985,11433,1,225240
142570,-5233,-17737,13603,1646,9329,-10522,-22.75,-58.38000107,53.86999893,11434,1,225281
142571,-1113,-20258,10477,4846,11921,-7329,10.86999989,-35.13000107,22.29999924,11434,1,225322
142572,-2939,-22012,8487,4171,14510,-917,20.48999977,2.880000114,21.48999977,11434,-1,225363
142573,12269,-16695,8914,6962,6928,3031,36.04000092,17.89999962,37.81999969,11434,-1,225404
142574,9062,-16004,6151,1055,8585,4737,51.45999908,22.57999992,58.81999969,11434,-2,225445
142575,1100,-13934,7143,-691,9068,6309,59,25.12000084,85.45999908,11434,-2,225487
142576,7662,-19188,-8394,-5960,6213,8447,62.34999847,13.51000023,110.6399994,11434,-2,225527
142577,20143,-25465,14042,-11311,913,12024,38.63000107,-0.090000004,136.3500061,11434,-2,225567
142578,25618,-19913,14353,-7894,-3870,8894,12,-23.20999908,157.3899994,11434,-2,225608
142579,27311,-11604,8710,-9712,5965,4935,-18.88999939,-20.59000015,175.2899933,11434,-2,225649
142580,6864,-15416,6134,-12372,2594,-3923,-43.75999832,-14.22000027,165.7200012,11434,-2,225690
142581,25458,-4525,16453,-9097,-52,1842,-69.40000153,-13.52000046,165.6799927,11434,-2,225731
142582,15129,-7442,15114,-7655,6819,-9818,-83.83999634,-25.63999939,152.3699951,11434,1,225772
142583,-2016,-13655,14898,-2874,9590,-13262,-72.19999695,-54.43999863,117.5999985,11435,1,225813
142584,-1234,-17608,5724,-792,13603,-11617,-15.78999996,-51.81999969,46.59000015,11435,2,225854
142585,-8087,-18721,11691,1301,15021,-4859,3.50999999,-19.12000084,19.96999931,11435,2,225895
142586,6730,-16925,14389,5098,8889,680,10.93999958,8.020000458,24.07999992,11435,-1,225936
142587,11303,-23829,10219,6005,6797,6631,28.65999985,21,39.63000107,11435,-1,225977
142588,7346,-18082,2860,1044,8252,8866,45.38999939,24.95000076,67.91999817,11435,-1,226018
142589,8491,-17348,-4383,200,7807,7683,57.06000137,18.45999908,97.37999725,11435,-1,226059
142590,5673,-29029,-4180,-6751,1264,13550,53.61000061,7.059999943,121.2799988,11435,-1,226100
142591,29218,-20993,11182,-5839,1293,8536,30.53000069,-16.77000046,147.0399933,11435,-1,226141
142592,24779,-18464,5541,-7175,-61,6647,5.639999866,-22,165.9600067,11435,-1,226182
142593,12817,-20103,6283,-12893,6654,-37,-22.55999947,-13.97000027,170.1100006,11435,-1,226223
142594,17073,-16091,14280,-11526,-1206,176,-53.25999832,-9.989999771,167.5899963,11436,-1,226264
142595,17696,-11341,20539,-12130,5849,-6001,-79.87999725,-15.78999996,157.8699951,11436,-1,226305
142596,5086,-8420,22274,-7294,8405,-12550,-93,-39.95999908,137.4100037,11436,1,226346
142597,-9951,-14443,13157,-759,11923,-8295,-52.61999893,-60.84999847,79.27999878,11436,1,226387
142598,2303,-17437,6922,4075,12750,-5951,-11.5,-42.02999878,32.33000183,11436,2,226428
142599,-899,-23008,6749,3413,12392,1323,1.179999948,-9.130000114,19.86000061,11436,-1,226469
142600,4859,-24438,15050,6478,9161,3790,11.56000042,12.47000027,28.90999985,11436,-1,226510
142601,10979,-28273,7822,3852,8834,8500,30.47999954,24,53.18000031,11436,-2,226551
142602,15207,-18830,-3620,2686,8345,9551,50.29999924,25.34000015,87.97000122,11436,-2,226592
142603,2482,-12031,-12825,-4603,8059,5314,60.06999969,21.31999969,115.5,11436,-2,226633
142604,14810,-20827,3696,-8620,2405,9705,49.09000015,12.43000031,138.7200012,11436,-2,226674
142605,7113,-24583,9741,-11194,1616,5159,26.48999977,7.260000229,153.5800018,11436,-2,226715
142606,30724,-25919,9612,-8822,-1001,8298,2.220000029,-3.960000038,175.1799927,11436,-2,226756
142607,9975,-22986,13422,-12250,4455,-1781,-27.81999969,-0.600000024,175.9600067,11436,-2,226797
142608,14892,-19952,17635,-11023,1146,-606,-56.54000092,0.779999971,171.3300018,11436,-2,226838
142609,17813,-17547,22611,-11620,7703,-8844,-81.12999725,-7.409999847,157.0800018,11437,-2,226879
142610,-3495,-25611,21071,-5508,8386,-10364,-90.26000214,-36.25,133.9400024,11437,1,226920
142611,-901,-17673,12685,1298,10764,-10558,-58.88000107,-56.31000137,89.15000153,11437,1,226961
142612,-10514,-20375,11370,1504,11695,-7792,-10.56999969,-43.29999924,34.90000153,11437,2,227002
142613,-578,-19399,13383,6259,9429,820,3.440000057,-18.60000038,27.01000023,11437,2,227043
142614,3544,-25640,5228,9771,7820,3678,20.65999985,1.960000038,33.74000168,11437,-1,227084
142615,7931,-21117,4193,3296,7896,3812,37.63999939,10.10999966,50.22999954,11437,-2,227125
142616,4407,-14859,-633,3129,6780,6998,48.08000183,15.36999989,72.76000214,11437,-2,227166
142617,-187,-14288,-10570,-5080,8236,6494,52.25999832,13.14999962,98.25,11437,-2,227207
142618,18105,-22490,4950,-7448,2663,9962,39.31000137,5.590000153,123.6299973,11437,-2,227248
142619,19721,-22705,6582,-9338,2034,8819,17.01000023,-0.200000003,145.1100006,11437,-2,227289
142620,24866,-18344,9633,-9451,3344,477,-9.729999542,-0.870000005,158.75,11437,-2,227330
142621,6482,-19459,13958,-12228,1535,-4429,-40.59999847,4.03000021,146.8699951,11437,-2,227371
142622,20749,-10840,18836,-8772,-437,-341,-63.40000153,-1.519999981,149.9700012,11438,1,227412
142623,16101,-12764,22299,-8641,1501,-8116,-83.08000183,-14.81000042,141.9199982,11438,1,227453
142624,-2147,-13790,21954,-3761,9883,-13297,-86.73000336,-42.22999954,123.4599991,11438,1,227494
142625,-2461,-14127,17341,2040,9698,-7952,-45.38999939,-55.04000092,70.87999725,11438,2,227535
142626,-1950,-21580,14121,2749,13832,-6450,-8.319999695,-36.54000092,33.38999939,11438,2,227576
142627,10803,-23210,7173,7486,13246,-744,8.960000038,-3.589999914,29.21999931,11438,-1,227617
142628,4830,-23383,11346,5262,9275,4245,23.13999939,23.54999924,37.11000061,11438,-1,227658
142629,14344,-19988,13835,923,9046,7091,39.66999817,29.68000031,64.29000092,11438,-1,227699
142630,11618,-18080,-3461,1980,7395,9112,57.70000076,28,94.19999695,11438,-1,227740
142631,749,-18769,-13832,-8092,8695,6187,63.47999954,24.29999924,125.1100006,11438,-1,227781
142632,13766,-24383,17799,-9842,-1492,7723,42.97000122,7.239999771,139.0399933,11438,-1,227822
142633,24612,-25416,4844,-8700,2378,8036,21.54999924,-1.340000033,158.8099976,11438,-1,227863
142634,21300,-19303,17436,-12256,2877,2288,-10,1.820000052,170.1999969,11438,-1,227904
142635,10574,-22583,11491,-12931,4197,-4657,-41.5,5.269999981,162.2400055,11439,-1,227945
142636,22732,-15043,21892,-10493,524,-2436,-70.83000183,0.75999999,154.1499939,11439,-1,227986
142637,2097,-19585,18802,-7597,9529,-13143,-88.66000366,-21.79000092,137.6999969,11439,1,228027
142638,-2958,-15967,19227,167,8258,-10602,-77.98000336,-48.61000061,106.6200027,11439,1,228068
142639,-3864,-20527,7976,1390,15684,-10390,-26.70000076,-48.04999924,45.95000076,11439,2,228109
142640,-3401,-20240,8141,3911,12632,-2466,-5.340000153,-18.21999931,19.17000008,11439,2,228150
142641,3499,-18391,9035,4279,9039,3239,4.630000114,6.679999828,20.37000084,11439,-1,228191
142642,13339,-20291,11140,4321,6702,7486,18.37999916,19.54999924,38.65000153,11439,-1,228235
142643,5949,-19183,3220,4446,7727,7311,36.13999939,28.67000008,63.43000031,11439,-1,228273
142644,6307,-16147,-11912,-926,8013,7449,53.79000092,24.85000038,92.54000092,11439,-1,228314
142645,8694,-26827,-6659,-9233,1776,11439,50.65999985,17.54999924,119.1900024,11439,-1,228355
142646,23115,-17010,11396,-6352,2294,7738,30.37000084,-1.149999976,139.7799988,11439,-1,228396
142647,23509,-20514,6777,-10679,1873,2704,6.519999981,0.74000001,155.0299988,11439,-1,228437
142648,9889,-21961,11062,-13677,2366,-561,-24.84000015,3.25,155,11439,-1,228478
142649,15169,-14929,13067,-9959,-105,-1223,-54.56999969,2.650000095,153.9100037,11439,-1,228519
142650,22007,-9631,27081,-10893,3165,-5868,-80.13999939,-5.699999809,147.5299988,11440,-1,228560
142651,12302,-15895,24310,-4767,6279,-10828,-90.73000336,-29.32999992,133.1799927,11440,1,228601
142652,-8126,-17566,13892,225,10401,-10496,-66.19000244,-54.88999939,94.11000061,11440,1,228642
142653,-1983,-16085,6462,3087,11144,-6522,-23.07999992,-47.43000031,45.56999969,11440,1,228683
142654,-1733,-18437,9934,3700,11714,-2040,-5.019999981,-21.61000061,23.45999908,11440,-1,228724
142655,3050,-19854,13792,6503,10929,3170,5.260000229,6.699999809,25.54999924,11440,-1,228765
142656,11536,-19418,3243,5594,5886,6113,25.80999947,18.42000008,43.47000122,11440,-1,228806
142657,7249,-13687,2121,2228,8683,6606,40.09999847,27.09000015,68.62000275,11440,-1,228849
142658,7118,-15733,-18419,152,5441,5353,56.84999847,24.26000023,94.18000031,11440,-1,228888
142659,2788,-28330,3689,-9189,2648,12294,49.99000168,19.68000031,118.1200027,11440,-1,228929
142660,27006,-21175,13052,-5991,804,10442,31.94000053,-4.849999905,142.3099976,11440,-1,228970
142661,21548,-20461,6132,-9621,1849,6236,7.590000153,-7.880000114,161,11440,-1,229011
142662,19251,-18139,8110,-12713,8310,-3492,-24.27000046,2.940000057,163.0800018,11440,-1,229052
142663,8154,-19848,22460,-12406,-2835,-1799,-58.40000153,-0.819999993,152.1900024,11441,-1,229093
142664,20524,-6145,26772,-8862,3697,-5993,-81.05999756,-7.579999924,149.6199951,11441,-1,229134
142665,3081,-14126,25781,-5269,6596,-12744,-91.04000092,-32.15999985,135.6999969,11441,1,229175
142666,-6419,-14752,10592,211,10546,-9299,-65.19000244,-54.16999817,97.30999756,11441,1,229216
142667,4232,-17007,-2351,2359,11572,-6220,-21.29000092,-44.54000092,45.56999969,11441,1,229257
142668,13939,-17011,7031,6325,9664,1006,-4.420000076,-17.45999908,34.86999893,11441,-1,229298
142669,4971,-23380,9757,8336,7965,4334,10.89000034,4,38.56000137,11441,-1,229339
142670,11561,-19593,5761,3937,8517,4733,27.48999977,15.53999996,56.93999863,11441,-1,229380
142671,6632,-16098,-6373,3973,6915,6915,42.65000153,24.20999908,79.59999847,11441,-1,229421
142672,5926,-19762,-16743,-4364,4183,9161,51.22000122,19.13999939,103.5599976,11441,-1,229462
142673,18374,-28107,11775,-12216,3539,8890,33.20999908,6.010000229,126.2300034,11441,-1,229503
142674,23448,-21071,4460,-8122,-2021,7622,9.649999619,-2.460000038,147.1399994,11441,-1,229544
142675,8169,-19313,15777,-11913,1647,4532,-20.12000084,-1.679999948,156.9600067,11441,-1,229585
142676,19638,-13051,12721,-10415,3620,-669,-46.93999863,3.920000076,160.3399963,11441,-1,229626
142677,20549,-9133,19688,-9966,1872,-2836,-72.69000244,-0.219999999,152.5299988,11441,-1,229667
142678,21241,-5524,18306,-7429,6738,-10108,-89.95999908,-15.31000042,139.0099945,11442,1,229708
142679,-9246,-14517,17389,-929,6777,-9590,-85.73000336,-45.11000061,116.0800018,11442,1,229749
142680,1717,-13956,6137,2129,12384,-6004,-50.77000046,-50.36000061,73.66999817,11442,2,229790
142681,1898,-18952,9957,6991,9169,-2442,-18.07999992,-33.15000153,40.38000107,11442,2,229831
142682,13234,-20088,11583,8905,9537,-208,1.25999999,-9.170000076,35.47000122,11442,-1,229872
142683,8473,-23332,4315,7709,6054,3521,21.04999924,3.710000038,43.29999924,11442,-1,229913
142684,4866,-16448,-2633,3760,9452,5277,34.91999817,17.80999947,63.45000076,11442,-2,229954
142685,1372,-14155,-12081,117,8170,4861,49.08000183,22.90999985,87.76000214,11442,-2,229997
142686,13005,-27446,145,-6980,3847,14151,50.29000092,23.22999954,121.5500031,11442,-2,230036
142687,19770,-15235,15492,-7683,124,7179,36.22999954,-2.420000076,136.6199951,11442,-2,230077
142688,17746,-20050,8734,-10417,3756,5150,11.61999989,-2.359999895,153.7100067,11442,-2,230118
142689,19053,-15250,7479,-11271,3203,-232,-17.78000069,5.010000229,158.7899933,11442,-2,230159
142690,11097,-18340,13907,-11474,5,-2701,-48.90999985,3.5,151.3099976,11442,-2,230200
142691,24035,-11041,24092,-11286,427,-4453,-76.66000366,-3.980000019,148.9299927,11443,-2,230241
142692,10139,-13162,21207,-8693,8453,-12529,-93.80000305,-26.39999962,137.75,11443,1,230282
142693,-6717,-14714,11267,-1840,12111,-9628,-76.37999725,-54.81000137,98.08000183,11443,1,230323
142694,2314,-15990,-919,-658,14664,-6686,-27.37000084,-46.79000092,35.56999969,11443,2,230364
142695,7508,-18141,11262,5618,8870,1103,-12.22000027,-20.32999992,18.54000092,11443,2,230405
142696,5153,-22026,8880,4645,9337,4822,0.25,3.339999914,22.63999939,11443,2,230446
142697,13937,-26852,14625,2731,9181,9882,11.39999962,21.54999924,43.88000107,11443,-1,230487
142698,12409,-17748,-4955,6460,5199,9062,34.97000122,28.78000069,73.12999725,11443,-1,230528
142699,-2847,-14325,-14757,-4686,10651,4953,51.29999924,32.00999832,101.2600021,11443,-1,230569
142700,22197,-23898,4873,-8037,-2954,11352,44.47999954,18.10000038,125.1399994,11443,-1,230610
142701,18900,-21036,3913,-9185,5529,5466,26.11000061,5.760000229,141.75,11443,-1,230651
142702,24372,-18371,12957,-10300,29,5330,-0.280000001,5.159999847,157.3300018,11443,-1,230691
142703,9157,-19831,8181,-12744,5552,-3885,-29.07999992,8.779999733,154,11444,-1,230732
142704,15989,-15027,19781,-9627,-3217,-88,-58.04999924,5.039999962,150.8600006,11444,-1,230773
142705,15616,-11973,20068,-9800,6679,-8571,-81.62999725,-5.489999771,139.0500031,11444,1,230814
142706,2403,-18204,18679,-5577,8772,-14091,-91.51999664,-34.52000046,121.0800018,11444,1,230855
142707,-15340,-17530,12007,-159,11987,-7861,-57.88999939,-57.20000076,70.19999695,11444,2,230897
142708,10076,-15095,2695,360,13183,-5015,-24.34000015,-38.74000168,27.84000015,11444,2,230938
142709,11559,-16687,15528,5820,8106,1487,-10.56000042,-15.90999985,16.64999962,11444,-1,230979
142710,11001,-25918,2919,8824,7309,6232,8.460000038,3.170000076,25.45999908,11444,-1,231019
142711,8849,-21070,6692,1841,9288,6924,21.04999924,17.69000053,44.97999954,11444,-2,231061
142712,11220,-16540,-1549,4164,6104,9042,37.04999924,24.12999916,73.37999725,11444,-2,231101
142713,-1800,-20664,-17642,-3881,7732,6946,49.65999985,23.85000038,98.90000153,11444,-2,231142
142714,30744,-25471,11242,-7894,1517,11358,39.86000061,7.670000076,126.3899994,11444,-2,231183
142715,21008,-19750,8227,-7397,-410,7501,19.46999931,-0.239999995,143.9799957,11444,-2,231224
142716,21450,-16058,8634,-11594,5146,4052,-5.519999981,-1.99000001,159.1000061,11444,-2,231265
142717,12509,-17853,13407,-12036,765,-1444,-37.31000137,6.380000114,154.7400055,11444,-2,231306
142718,21873,-10625,20104,-12114,2874,-962,-65.37000275,3.380000114,154.5800018,11444,-2,231347
142719,13155,-14263,23644,-9256,4360,-9323,-88.41000366,-10.06000042,143.8399963,11445,1,231388
142720,-7864,-14000,20489,-3211,10030,-11936,-90.75,-41.49000168,121.8399963,11445,1,231430
142721,6417,-13641,6081,2465,17784,-10943,-42.93999863,-51.40999985,60.70999908,11445,2,231470
142722,1885,-20875,6515,3283,19757,-6870,-5.730000019,-15.56000042,10.02999973,11445,2,231511
142723,4039,-19704,8972,5463,9188,4148,3.930000067,19.82999992,9.029999733,11445,-1,231552
142724,8306,-17451,11290,-1295,7513,6544,17.14999962,32.74000168,28.95000076,11445,-1,231593
142725,7560,-15584,18249,1149,5998,10092,29.23999977,40.91999817,58.29000092,11445,-1,231634
142726,14350,-14823,-19904,3589,4679,8200,57.88000107,29.77000046,89.98999786,11445,-1,231675
142727,7977,-20492,-7592,-7555,4325,7376,60.63000107,23.62999916,110.5400009,11445,-1,231717
142728,18783,-15833,13218,-7458,3257,8545,43.00999832,8.149999619,127.0299988,11445,-1,231757
142729,15601,-23441,9137,-13979,5645,5372,17.02000046,10.67000008,147.9100037,11445,-1,231798
142730,17316,-12591,12549,-8641,-1426,-470,-11.02000046,10.73999977,154.9100037,11445,-1,231839
142731,5230,-17409,10057,-11374,2863,-4536,-41.06999969,12.51000023,142.6799927,11446,1,231880
142732,21233,-6668,28637,-10260,-1258,-1796,-66.31999969,4.349999905,144.4799957,11446,1,231921
142733,6938,-9043,17236,-7424,5329,-12521,-83.06999969,-13.56999969,130.6900024,11446,1,231962
142734,-5435,-15561,15989,-1341,8132,-13010,-80.12999725,-44.66999817,109.9199982,11446,1,232003
142735,-4460,-15143,7851,-906,13514,-8979,-37.25,-51.06999969,51.75,11446,1,232044
142736,-1128,-15860,10427,364,12483,-3796,-14.69999981,-27.13999939,15.22999954,11446,1,232085
142737,5476,-19514,17736,6857,7418,4104,-6.130000114,-3.309999943,12.60999966,11446,1,232126
142738,11153,-27331,5220,6486,8410,5773,12.31999969,12.60000038,27.12000084,11446,1,232167
142739,9145,-21815,4585,2102,8874,10166,27.95000076,26.36000061,54.20999908,11446,-1,232208
142740,7160,-16091,-13492,1645,9010,6854,47.99000168,29.82999992,87.16999817,11446,-1,232249
142741,9033,-24741,1444,-8609,4885,10534,50.63000107,28.04000092,117.7099991,11446,-1,232290
142742,23322,-19171,4402,-6846,3217,6714,37.84999847,11.47999954,137.4700012,11446,-1,232331
142743,23136,-25947,11907,-13418,3244,5017,11.39000034,9.770000458,153.0599976,11446,-1,232372
142744,13411,-23362,6507,-13249,5772,-4176,-23.45000076,17.39999962,150.6799927,11447,-1,232413
142745,11685,-19680,22283,-10366,-6833,327,-57.38999939,11.23999977,146.3600006,11447,-1,232454
142746,17013,-11526,22816,-9409,4819,-6319,-79.41000366,3.450000048,145.0800018,11447,1,232495
142747,7270,-10974,22085,-5263,4832,-11324,-92.86000061,-18.28000069,136.3500061,11447,1,232536
142748,-7911,-18798,11641,-866,10169,-10237,-81.51000214,-46.81999969,107.3000031,11447,1,232577
142749,2276,-18711,9122,251,14103,-7868,-39.84000015,-48.84999847,55.40999985,11447,1,232618
142750,10638,-18334,9856,5934,11826,-1758,-12.34000015,-22.40999985,26.37999916,11447,-1,232659
142751,11932,-23317,9971,7900,8575,4359,4.860000134,1.970000029,26.97999954,11447,-1,232701
142752,13933,-21263,8706,3009,11108,5840,17.63999939,19.76000023,44.75,11447,-2,232741
142753,12353,-19110,-13315,6548,3482,8637,38.90999985,26.71999931,70.30000305,11447,-2,232782
142754,3765,-19736,-20927,-7088,8699,6393,49.04999924,27.07999992,96.09999847,11447,-2,232823
142755,16740,-19664,12546,-8849,-524,8819,34.63000107,16.68000031,119.2099991,11447,-2,232864
142756,18989,-23721,6004,-9014,2913,7147,16.73999977,12.21000004,139.2299957,11447,-2,232905
142757,22984,-16825,13361,-6426,-5208,7056,-3.359999895,2.339999914,155.8600006,11447,-2,232946
142758,14821,-16612,5855,-10487,3949,-1732,-25.37999916,2.109999895,160.7899933,11447,-2,232987
142759,21545,-10811,15775,-11797,909,-1024,-54.02999878,1.389999986,156.3399963,11448,-2,233028
142760,23459,-5933,20336,-8771,3148,-7763,-77.31999969,-8.489999771,147.0899963,11448,1,233069
142761,4556,-16425,20231,-6052,7235,-15005,-86.75,-38.04000092,130.5399933,11448,1,233110
142762,-5881,-15789,9856,-1599,9689,-9780,-52.18000031,-60.00999832,77.61000061,11448,1,233151
142763,-1953,-14573,12867,1183,14643,-6697,-11.47999954,-42.49000168,26.84000015,11448,1,233192
142764,10170,-16821,16133,5422,9096,1008,0.200000003,-17.60000038,19.15999985,11448,-1,233233
142765,17125,-21273,10805,7045,9115,2658,14.34000015,1.090000033,28.64999962,11448,-1,233274
142766,7647,-19725,-2665,5770,7560,5499,29.21999931,16.71999931,45.84000015,11448,-2,233315
142767,-461,-12955,-15466,1854,6323,5522,44.97999954,21.38999939,69.37000275,11448,-2,233356
142768,10383,-21368,-3702,-3737,3259,11700,50.27000046,11.98999977,91.80000305,11448,-2,233397
142769,21242,-20838,716,-7618,8351,6950,36.40999985,2.150000095,119.0699997,11448,-2,233438
142770,21670,-20071,4945,-9743,1524,8261,11.25,5.679999828,140.2299957,11448,-2,233480
142771,18758,-15116,9900,-10927,1328,1155,-15.39999962,5.28000021,151.3000031,11448,-2,233520
142772,16663,-19488,9409,-10449,-3452,1625,-42.65999985,4.110000134,153.1300049,11449,-2,233561
142773,22229,-9496,18621,-11932,3177,-3013,-71.08999634,-0.550000012,155.3500061,11449,-2,233602
142774,6914,-14380,20165,-9681,6847,-7606,-94.23999786,-18.18000031,139.6000061,11449,1,233643
142775,471,-14343,18334,-3576,8183,-12056,-97.83999634,-46.88999939,120.1399994,11449,1,233684
142776,-3327,-12482,7875,458,11847,-6261,-58.25999832,-62.50999832,70.37999725,11449,2,233725
142777,-1059,-14293,6225,3459,9273,-3226,-18.87999916,-48.49000168,27.14999962,11449,2,233766
142778,6291,-14736,13097,5247,8227,1924,-4.420000076,-29.07999992,19.14999962,11449,-1,233807
142779,14036,-22229,7690,7661,9186,2701,8.039999962,-6.809999943,26.97999954,11449,-1,233848
142780,8813,-16285,-2247,6283,7984,4510,23.72999954,8.380000114,41.59999847,11449,-1,233889
142781,802,-14802,-8163,751,10781,5598,37.63000107,21.54999924,63.56999969,11449,-1,233930
142782,12623,-27154,-11835,315,125,15468,47.91999817,9.029999733,90.91999817,11449,-1,233971
142783,21357,-30382,16760,-14496,10492,11242,24.57999992,-4.039999962,125.25,11449,-1,234012
142784,25443,-12610,4770,-3310,-4193,8703,0.319999993,-9.399999619,151.1600037,11449,-1,234053
142785,17664,-13525,-1714,-9805,5950,159,-19.60000038,-4.630000114,159.0399933,11450,-1,234094
142786,13968,-11775,13294,-11488,1016,1729,-48.65000153,0.579999983,155.5899963,11450,-1,234135
142787,25486,-5514,14818,-9894,3919,-4394,-72.56999969,-1.25,152.0800018,11450,1,234176
142788,7613,-14584,19359,-8309,7493,-12109,-91.12000275,-24.09000015,132.6600037,11450,1,234217
142789,-11512,-18721,9575,-4642,11120,-12361,-82.09999847,-53.20999908,101.8399963,11450,1,234258
142790,4152,-14303,2235,464,11907,-3191,-34.13999939,-49.24000168,39.86999893,11450,1,234299
142791,9113,-15333,13295,4846,8000,972,-17.72999954,-27.27000046,21.72999954,11450,1,234340
142792,8587,-24809,10081,9702,5614,5061,-0.870000005,-10.32999992,24.05999947,11450,-1,234381
142793,10546,-23146,1633,5327,8396,4935,15.98999977,2.640000105,37.95999908,11450,-1,234422
142794,9101,-15636,-8482,5108,5421,5777,29.63999939,12,56.90999985,11450,-2,234463
142795,-1486,-13212,-17916,2441,3501,7334,41.45999908,13.59000015,75.91000366,11450,-2,234504
142796,24053,-20333,-796,-5949,4478,12055,39.20999908,0.5,99.83000183,11450,-2,234545
142797,15836,-19817,3023,-8858,2277,6814,17.55999947,-1.169999957,122.1500015,11450,-2,234586
142798,21979,-17196,10671,-11042,1604,7293,-9.239999771,-3.200000048,141.3099976,11450,-2,234627
142799,17768,-13253,2940,-10788,1964,-211,-35.65000153,1.620000005,145.9600067,11450,-2,234668
142800,15882,-14222,14314,-11194,-571,-14,-63.59999847,-1.610000014,144.9499969,11450,-2,234709
142801,17129,-8365,20858,-8338,4878,-5299,-87.77999878,-8.119999886,133.1999969,11451,1,234750
142802,3109,-15434,16365,-4475,7649,-12003,-96.41000366,-33.08000183,120.7900009,11451,1,234791
142803,-13445,-15867,3563,-1257,9721,-7165,-74.79000092,-57.29999924,84.97000122,11451,1,234832
142804,12297,-13293,-474,1825,10315,-4068,-33.70999908,-48.04000092,35,11451,1,234873
142805,7586,-16024,11992,3859,9109,1498,-16.98999977,-26.86000061,17.38999939,11451,-1,234914
142806,10313,-21964,8978,7239,9095,3168,-4.059999943,-5.110000134,20.20999908,11451,-1,234955
142807,7125,-23945,2219,6709,7894,7232,12.34000015,12.61999989,34.27000046,11451,-2,234996
142808,9104,-16974,-7091,2519,10008,8156,31.04000092,23.14999962,62.06999969,11451,-2,235037
142809,4777,-25956,-17551,-2788,3677,12030,44.59000015,25.28000069,91.95999908,11451,-2,235078
142810,27349,-24665,11973,-10604,4919,9773,33.45000076,8.510000229,120.8000031,11451,-2,235119
142811,20358,-17157,5416,-5616,-1843,8990,13.53999996,5.489999771,141.1300049,11451,-2,235160
142812,14050,-14411,8477,-11851,5572,2412,-8.720000267,5.409999847,154.4799957,11451,-2,235201
142813,15838,-16219,11437,-9706,3006,-1625,-36.58000183,13.96000004,152.6300049,11451,-2,235242
142814,11485,-13853,16022,-11733,3195,-3691,-65.26999664,9.619999886,142.9299927,11451,-2,235283
142815,10963,-11977,16326,-8646,5187,-8128,-88.54000092,-2.329999924,130.6000061,11451,1,235324
142816,-7200,-20541,8861,-4740,11178,-16097,-95.37999725,-37.91999817,109.6900024,11451,1,235365
142817,-7270,-15406,14370,-1294,10453,-7185,-64.83999634,-60.31999969,64.06999969,11451,2,235406
142818,-3416,-1244,7556,-2632,-2325,-757,5.269999981,39.56999969,-154.4299927,11452,-1,244833
142819,-3014,-287,8223,-1284,-1591,1549,1,34.72000122,-153.3300018,11452,-1,244874
142820,-1332,848,6457,-35,-1061,2661,3.49000001,31.18000031,-146.7400055,11452,-1,244915
142821,-330,1248,4995,40,90,2531,7.21999979,29.61000061,-139.3800049,11452,-1,244956
142822,2055,3085,4717,-495,1130,420,9.140000343,29.87000084,-134.4700012,11452,-1,244997
142823,1101,1609,2652,313,354,-1746,8.430000305,33.13000107,-136.6199951,11452,-1,245038
142824,-2492,-837,1245,-1993,-458,-419,4.239999771,32.83000183,-141.0500031,11452,-2,245079
142825,-2674,-1236,3401,-2591,120,-62,-2.400000095,32.56000137,-141.5800018,11452,-2,245120
142826,-2934,-406,3486,-2168,-461,-152,-8.279999733,32.45999908,-141.8500061,11452,-2,245161
142827,-955,-1367,3501,-1795,4,1063,-11.25,32.08000183,-138.7799988,11452,-2,245202
142828,-473,-2607,1220,-2774,309,56,-15.46000004,33.20000076,-136.9900055,11452,-2,245243
142829,881,-4598,1549,-5351,-559,855,-22.52000046,33.50999832,-134.1199951,11452,-2,245284
142830,-2973,-3624,7795,-2598,-1156,2458,-30.29000092,34.18999863,-130.4499969,11452,-2,245325
142831,-2291,-2990,5455,532,-2091,4299,-24.86000061,34.29999924,-118.5400009,11452,1,245366
142832,-1290,-1529,4633,164,-996,4494,-15.80000019,34.20000076,-104.3799973,11452,1,245407
